{"cameraMode":{"drawMode":0,"name":"Shaded","section":"Shading Mode"},"sceneLighting":true,"audioPlay":false,"sceneViewState":{"showFog":true,"showMaterialUpdate":true,"showSkybox":true,"showFlares":true,"showImageEffects":true,"showParticleSystems":true},"in2DMode":false,"pivot":{"x":-1.0847560167312623,"y":-0.47736814618110659,"z":-9.11338996887207},"rotation":{"x":0.22707398235797883,"y":-0.4589458107948303,"z":0.12258152663707733,"w":0.8501704931259155},"size":5.702890396118164,"orthographic":false}